{"left-sidebar-menu":{"recent-posts-4":{"title":"","number":5,"show_date":false},"categories-5":{"title":"Categories","count":0,"hierarchical":0,"dropdown":0},"archives-5":{"title":"Archives","count":0,"dropdown":0},"tag_cloud-2":{"title":"Tags","taxonomy":"post_tag"}},"right-sidebar-menu":{"search-4":{"title":""},"recent-posts-5":{"title":"Recent Posts","number":5,"show_date":false}},"sidebar-1":{"archives-4":{"title":"Archives","count":0,"dropdown":0},"categories-4":{"title":"Categories","count":0,"hierarchical":0,"dropdown":0},"recent-comments-4":{"title":"Recent Comments","number":5}},"top-bar-left":{"text-2":{"title":"","text":"<a href=\"#\" class=\"divider\">Wishlist<\/a> <a href=\"#\" class=\"divider\">Customer Service<\/a> <a href=\"#\">Account<\/a>","filter":false}},"top-bar-right":{"text-1":{"title":"","text":"I'm a text widget! WPML plugins go here if you're using them","filter":false}},"mobile-search":{"woocommerce_product_search-2":{"title":""}},"header-search":{"yith_woocommerce_ajax_search-2":{"title":""}},"shop-sidebar":{"woocommerce_price_filter-1":{"title":"Filter by price"},"woocommerce_product_categories-1":{"title":"Product Categories","orderby":"name","dropdown":0,"count":0,"hierarchical":"1","show_children_only":0},"woocommerce_widget_cart-1":{"title":"Cart","hide_if_empty":0},"woocommerce_products-1":{"title":"Recent Products","number":"5","show":"","orderby":"date","order":"desc","hide_free":0,"show_hidden":0}},"first-footer":{"woocommerce_products-2":{"title":"Featured Products","number":"3","show":"featured","orderby":"date","order":"desc","hide_free":0,"show_hidden":0},"woocommerce_products-3":{"title":"Latest Products","number":"3","show":"","orderby":"date","order":"desc","hide_free":0,"show_hidden":0},"woocommerce_products-4":{"title":"Random Products","number":"3","show":"","orderby":"rand","order":"desc","hide_free":0,"show_hidden":0},"woocommerce_products-5":{"title":"Bargain Products","number":"3","show":"","orderby":"price","order":"asc","hide_free":0,"show_hidden":0}},"second-footer":{"text-3":{"title":"About us","text":"<div class=\"row\">\r\n<div class=\"col-xs-3 col-sm-3 col-md-5\">\r\n<img src=\"http:\/\/suave.commercegurus.com\/wp-content\/uploads\/2015\/01\/footer-guy.jpg\" alt=\"\">\r\n<\/div>\r\n<div class=\"col-xs-9 col-sm-9 col-md-7\" style=\"padding-left:0px;\">\r\n<p>Suave are an award-winning eCommerce destination for high quality fashion & style.<\/p>\r\n<\/div>\r\n<\/div>","filter":false},"recent-posts-6":{"title":"Latest News","number":2,"show_date":true},"text-4":{"title":"Browse","text":"<div class=\"row\">\r\n<div class=\"col-xs-6 col-sm-6 col-md-6\">\r\n<ul class=\"simple-links\">\r\n<li><a href=\"#\">Men<\/a><\/li>\r\n<li><a href=\"#\">Women<\/a><\/li>\r\n<li><a href=\"#\">Clothing<\/a><\/li>\r\n<li><a href=\"#\">Boots<\/a><\/li>\r\n<li><a href=\"#\">Accessories<\/a><\/li>\r\n<\/ul>\r\n<\/div>\r\n<div class=\"col-xs-6 col-sm-6 col-md-6\">\r\n<ul class=\"simple-links\">\r\n<li><a href=\"#\">About Us<\/a><\/li>\r\n<li><a href=\"#\">Delivery Info<\/a><\/li>\r\n<li><a href=\"#\">What we do<\/a><\/li>\r\n<li><a href=\"#\">Common FAQs<\/a><\/li>\r\n<li><a href=\"#\">Contact Us<\/a><\/li>\r\n<\/ul>\r\n<\/div>\r\n<\/div>","filter":false},"text-6":{"title":"Contact Information","text":"<p>Suave, Bohemian Avenue, San Francisco, CA 90210, USA.<\/p>\r\n<p>e: <a href=\"mailto:info@commercegurus.com\">info@commercegurus.com<\/a><\/p>\r\n\r\n<a href=\"#\" class=\"facebook-link\"><i class=\"fa fa-facebook\"><\/i><\/a>\r\n<a href=\"#\" class=\"twitter-link\"><i class=\"fa fa-twitter\"><\/i><\/a>\r\n<a href=\"#\" class=\"googleplus-link\"><i class=\"fa fa-google-plus\"><\/i><\/a>\r\n<a href=\"#\" class=\"pinterest-link\"><i class=\"fa fa-pinterest\"><\/i><\/a>\r\n<a href=\"#\" class=\"rss-link\"><i class=\"fa fa-rss\"><\/i><\/a>","filter":false}}}