<wpml-config>
    <custom-fields>
        <custom-field action="copy">show_page_title</custom-field>
        <custom-field action="copy">cg_is_page_title_bg_color</custom-field>
        <custom-field action="copy">page_title_background_color</custom-field>
        <custom-field action="copy">page_title_font_color</custom-field>
        <custom-field action="copy">_cg_logo_url</custom-field>
        <custom-field action="copy">_cg_logo_image_id</custom-field>
        <custom-field action="copy">_cg_logo_image</custom-field>
        <custom-field action="copy">_cg_testimonial_name</custom-field>
        <custom-field action="copy">_cg_testimonial_org_name</custom-field>
        <custom-field action="copy">_cg_testimonial_image</custom-field>
        <custom-field action="copy">_cg_testimonial_image_id</custom-field>
        <custom-field action="copy">_cg_showcase_gallery</custom-field>
        <custom-field action="copy">_cg_showcase_url</custom-field>
        <custom-field action="copy">_cg_showcase_url_desc</custom-field>
        <custom-field action="copy">_cg_showcase_video_embed</custom-field>
        <custom-field action="copy">_cg_showcase_video_source</custom-field>
        <custom-field action="copy">_cg_shopannouncement_txtcolor</custom-field>
        <custom-field action="copy">_cg_shopannouncement_bgcolor</custom-field>
    </custom-fields>
    <custom-types>
        <custom-type translate="1">testimonials</custom-type>
        <custom-type translate="1">logos</custom-type>
        <custom-type translate="1">shopannouncements</custom-type>
        <custom-type translate="1">showcases</custom-type>
    </custom-types>    
    <taxonomies>
        <taxonomy translate="1">cg_showcasecategory</taxonomy>
    </taxonomies>    
    <admin-texts>
        <key name="cg_reduxopt">
            <key name="cg_footer_message" />
            <key name="upsell_title" />
            <key name="product_size_guide_title" />
            <key name="returns_tab_title" />
            <key name="returns_tab_content" />
        </key>
    </admin-texts>    
    <language-switcher-settings> 
        <key name="icl_language_switcher_sidebar">0</key>  
        <key name="icl_widget_title_show">0</key>
        <key name="icl_lang_sel_type">horizontal</key>
        <key name="icl_lso_link_empty">1</key>
        <key name="icl_lso_flags">1</key>
        <key name="icl_lso_native_lang">0</key>
        <key name="icl_lso_display_lang">0</key>
        <key name="icl_lang_sel_footer">0</key>
        <key name="icl_post_availability">0</key>
        <key name="icl_post_availability_position">below</key>
        <key name="icl_post_availability_text">This post is also available in: %s</key>    
    </language-switcher-settings>    
</wpml-config>